Name,Email,Phone,Address,Timezone,Created At
John Doe,johndoe@example.com,+1234567890,"123 Main St, Anytown, USA",America/New_York,2024-10-26 12:42:26
Jane Smith,janesmith@example.com,+1987654321,"456 Oak St, Oldtown, USA",America/Chicago,2024-10-26 12:42:26
John Doe2,johndoe2@example.com,+12345678902,"1232 Main St, Anytown, USA",America/New_York2,2024-10-26 12:42:26
John Doe3,johndoe3@example.com,+12345678903,"1233 Main St, Anytown, USA",America/New_York3,2024-10-26 12:42:26
John Doe4,johndoe4@example.com,+12345678904,"1234 Main St, Anytown, USA",America/New_York4,2024-10-26 12:42:26
John Doe5,johndoe5@example.com,+12345678905,"1235 Main St, Anytown, USA",America/New_York5,2024-10-26 12:42:26
John Doe6,johndoe6@example.com,+12345678906,"1236 Main St, Anytown, USA",America/New_York6,2024-10-26 12:42:26
John Doe8,johndoe8@example.com,+12345678908,"1238 Main St, Anytown, USA",America/New_York8,2024-10-26 12:42:26
John Doe7,johndoe7@example.com,+12345678907,"1237 Main St, Anytown, USA",America/New_York7,2024-10-26 12:42:26
John Doe7,johndoe77@example.com,+12345678977,"1277 Main St, Anytown, USA",America/New_York22,2024-10-26 12:42:26
John Doe7,johndoe777@example.com,+12345677977,"1267 Main St, Anytown, USA",America/New_York22,2024-10-26 12:42:26
John Doe7,johndoe7767@example.com,+12345677977,"1267 Main St, Anytown, USA",America/New_York22,2024-10-26 12:42:26
